,asm_str,complex_id,asm_name,asm_type,assemblies,num_assemblies,num_components,median_mw_kda,max_mw_kda
22,"A0A059T4A1_3,A0A059T4A1_3",PDB-CPX-100178,Hemagglutinin,heteromeric,"4qy0_1,4qy0_2,4qy1_1,4qy1_2,4qy1_3,4qy1_4,4qy2_1,4qy2_2,4xq5_1,4xqo_1,4xqu_1,5tgo_1,5tgu_1,5tgv_1,5th0_1,5th1_1,5thb_1,5thc_1,6wf1_1",19,6,169.77,323.38
111,"A0A0A7HR51_3,A0A0A7HR51_3",PDB-CPX-100826,Hemagglutinin,heteromeric,"6tjw_1,6tjy_1,6tjy_2,6tva_1,6tvb_1,6tvc_1,6tvd_1,6tvd_2,6tvf_1,6tvf_2,6tvr_1,6tvr_2,6tvs_1,6tvt_1,6twh_1,6twh_2,6twi_1,6tws_1,6twv_1,6twv_2,6txo_1,6ty1_1,6ty1_2",23,6,169.82,171.99
309,"A0A0J9X267_3,A0A0J9X268_3",PDB-CPX-102359,Hemagglutinin and Hemagglutinin HA2 chain,heteromeric,"4xkd_1,4xke_1,4xkf_1,4xkg_1,4yy0_1,4yy1_1,4yy1_2,4yy7_1,4yy7_2,4yy9_1,4yya_1,4yyb_1,5t08_1,5t0b_1,5t0d_1,5t0e_1",16,6,174.68,176.0
338,"A0A0M3VGF9_3,A0A0M4TPJ7_1,P07677_3",PDB-CPX-102595,ATP synthase,heteromeric,"7l1q_1,7l1r_1,7l1s_1,7xko_1,7xkp_1,8hh1_1,8hh2_1,8hh3_1,8hh4_1,8hh5_1,8hh6_1,8hh7_1,8hh8_1,8hh9_1,8hha_1,8hhb_1,8hhc_1,8ygv_1",18,7,359.14,362.95
422,"A0A140T913_1,P04637_1,P61769_1",PDB-CPX-103157,,heteromeric,"6vqo_1,6vqo_2,6vr1_1,6vr1_2,6vr5_1,6vr5_2,6vrm_1,6vrn_1,6w51_1,6w51_2,6w51_3,6w51_4",12,3,96.52,98.52
423,"A0A140T913_1,P0DTC2_1,P61769_1",PDB-CPX-103158,,heteromeric,"7m8s_1,7m8s_2,7mkb_1,7n1a_1,7n1a_2,7n1b_1,7n1b_2,7n1e_1,7n1f_1,7n6d_1,7n6d_2,7n6d_3,7n6d_4,7n6e_1,7n6e_2,7p3d_1,7p3e_1,7p3e_2,7pbe_1,7pbe_2,7sa2_1,8gom_1,8gon_1",23,3,45.51,96.34
528,"A0A1L8F5J9_2,A7XY94_2",PDB-CPX-103932,"Glutamate receptor ionotropic, NMDA 1 and Glutamate receptor ionotropic, NMDA 2B",heteromeric,"4tll_1,4tlm_1,5iou_1,5iov_1,5ipq_1,5ipr_1,5ips_1,5ipt_1,5ipu_1,5ipv_1,5un1_1,5un1_2",12,4,371.77,374.11
544,"A0A1U7R319_4,Q61743_4",PDB-CPX-104161,ATP-sensitive inward rectifier potassium channel 11 and ATP-binding cassette sub-family C member 8,heteromeric,"5yke_1,5ykf_1,5ykg_1,5yw8_1,5yw9_1,5ywa_1,5ywc_1,6jb1_1,7w4o_1,7w4p_1",10,8,888.84,933.67
582,"A0A287AZ37_1,L0N7N1_1,Q2XVP4_1",PDB-CPX-104634,,heteromeric,"6wwe_1,6wwf_1,6wwi_1,6wwj_1,6wwm_1,6wwn_1,6wwo_1,6wwp_1,6wwq_1,6wwr_1,6wws_1,6wwt_1,6wwu_1,6wwv_1,7lvq_1,7lvr_1",16,3,142.33,145.99
597,"A0A2D2D0T0_2,A0A2D2D5X7_2,P27353_2,P27356_2",PDB-CPX-104737,,heteromeric,"6vk4_1,6vk5_1,6vk8_1,6yd0_1,6ydi_1,6ydu_1,6yy3_1,7m8q_1,7m8r_1,7s6q_1,7s6t_1,7s7h_1",12,8,279.89,281.85
713,"A0A411J078_1,P0DTC2_1,P61769_1",PDB-CPX-105851,,heteromeric,"8rjh_1,8rjh_2,8rjh_3,8rjh_4,8rjh_5,8rjh_6,8rji_1,8rji_2,8rji_3,8rji_4",10,3,44.96,45.02
741,"A0A4X1V520_1,A0A5G2Q8N0_1,A0A8W4F696_2,P42639_2,P63317_1",PDB-CPX-106145,,heteromeric,"8uww_1,8uwx_1,8uwy_1,8uyd_1,8uz5_1,8uz6_1,8uzx_1,8uzy_1,8v01_1,8v0i_1,8v0k_1,8v0y_1",12,7,227.03,227.15
751,"A0A583ZB34_1,P01111_1,P61769_1",PDB-CPX-106229,,heteromeric,"7ow3_1,7ow3_2,7ow3_3,7ow3_4,7ow4_1,7ow4_2,7ow4_3,7ow4_4,7ow5_1,7ow6_1,7pb2_1,7pb2_2",12,3,44.93,95.53
834,"A0A6M6CC39_1,P01848_1,P61769_1",PDB-CPX-106888,,heteromeric,"9iky_1,9iky_10,9iky_11,9iky_2,9iky_3,9iky_4,9iky_5,9iky_6,9iky_7,9iky_8,9iky_9",11,3,94.5,94.5
905,"A0A8V0Z8P0_1,P63043_1,P81947_2,Q6B856_2",PDB-CPX-107506,,heteromeric,"7zyw_1,8b7a_1,8b7b_1,8b7c_1,8clb_1,8clc_1,8cld_1,8cle_1,8clf_1,8clg_1,8clh_1,8huh_1,8r67_1,8r6o_1,8riv_1,8riw_1,9fyd_1,9gmy_1,9gnu_1,9h32_1,9h33_1,9h34_1",22,6,265.54,271.3
1030,"A1BB97_2,A1BBA0_2,Q51658_2",PDB-CPX-108654,,heteromeric,"3l4m_1,3l4o_1,3rn1_1,3sjl_1,3svw_1,3sws_1,3sxt_1,4l1q_1,4l3g_1,4l3h_1,4o1q_1",11,6,200.44,200.91
1031,"A1BB97_2,P22619_2,Q51658_2",PDB-CPX-108655,,heteromeric,"3orv_1,3pxs_1,3pxt_1,3pxw_1,3rlm_1,3rmz_1,3rn0_1,3sle_1,4fa1_1,4fa4_1,4fa5_1,4fa9_1,4fan_1,4fav_1,4fb1_1,4k3i_1,4y5r_1",17,6,200.29,201.18
1052,"A1ZAW5_1,P62304_1,P62306_1,P62308_1,P62314_1,P62316_1,Q9VV74_1,Q9VVX0_1",PDB-CPX-108876,,heteromeric,"4v98_1,4v98_10,4v98_11,4v98_12,4v98_13,4v98_14,4v98_15,4v98_16,4v98_17,4v98_18,4v98_19,4v98_2,4v98_20,4v98_3,4v98_4,4v98_5,4v98_6,4v98_7,4v98_8,4v98_9",20,8,118.84,118.89
1165,"A5F5X0_1,A5F5X1_1,A5F5Y4_1,A5F5Y5_1,A5F5Y6_1,A5F5Y7_1",PDB-CPX-109680,Na(+)-translocating NADH-quinone reductase,heteromeric,"7xk3_1,7xk4_1,7xk5_1,7xk6_1,7xk7_1,8a1t_1,8a1v_1,8a1w_1,8a1x_1,8a1y_1,8acw_1,8acy_1,8ad0_1,8evu_1,8ew3_1,9lrr_1,9u5g_1,9ud2_1,9ud3_1,9ud4_1,9ud5_1,9ud6_1,9ud8_1,9ud9_1,9uda_1,9udf_1,9udg_1,9uuu_1",28,6,216.98,220.95
1172,"A5GZW8_1,D0VWV4_1,Q007T0_1,Q0QF01_1",PDB-CPX-109713,,heteromeric,"1zoy_1,1zp0_1,3abv_1,3ae1_1,3ae2_1,3ae3_1,3ae4_1,3ae5_1,3ae6_1,3ae7_1,3ae8_1,3ae9_1,3aea_1,3aeb_1,3aec_1,3aed_1,3aee_1,3aef_1,3aeg_1,3sfd_1,3sfe_1,4ytp_1,4yxd_1",23,4,126.59,142.75
1267,"A7MB62_1,P61157_1,Q148J6_1,Q3MHR7_1,Q3SYX9_1,Q3T035_1,Q58CQ2_1",PDB-CPX-110422,,heteromeric,"1k8k_1,1tyq_1,1u2v_1,1u2v_2,2p9i_1,2p9k_1,2p9l_1,2p9n_1,2p9p_1,2p9s_1,2p9u_1,3dxk_1,3dxm_1,3ukr_1,3uku_1,3ule_1,4xei_1,4xf2_1,4xf2_2",19,7,225.12,225.81
1302,"A8HWY8_3,A8HWY8_3",PDB-CPX-110678,Hemagglutinin,heteromeric,"4k62_1,4k62_2,4k62_3,4k62_4,4k63_1,4k63_2,4k63_3,4k63_4,4k64_1,4k64_2,4k64_3,4k64_4,4k65_1,4k65_2,4k65_3,4k65_4,4k66_1,4k66_2,4k66_3,4k66_4,4k67_1,4k67_2,4k67_3,4k67_4",24,6,166.71,168.03
1531,"B5Z8H1_1,P14867_2,P28472_3",PDB-CPX-112392,"GABA-A receptor, alpha1-beta3 complex and SabA N-terminal extracellular adhesion domain-containing protein",heteromeric,"9ffl_1,9ffm_1,9ffn_1,9ffo_1,9ffp_1,9ffq_1,9ffr_1,9ffs_1,9fft_1,9ffu_1",10,6,293.69,296.16
1680,"C3W5S1_3,C3W5S1_3",PDB-CPX-113358,Hemagglutinin HA2 chain,heteromeric,"3lzg_1,3lzg_2,3ube_1,3ube_2,3ubj_1,3ubj_2,3ubn_1,3ubn_2,3ubq_1,3ubq_2,3ztn_1,4jtv_1,4jtv_2,4jtx_1,4jtx_2,4ju0_1,4ju0_2,4m4y_1,5gjs_1,6wj1_1,7mem_1,7t3d_1,8txm_1,8txp_1,8ty7_1",25,6,173.91,323.99
1789,"D0PUM0_3,Q2N0S6_3",PDB-CPX-114215,Envelope glycoprotein gp160,heteromeric,"8ulr_1,8uls_1,8ult_1,8ulu_1,9d1w_1,9d3d_1,9d7g_1,9d7h_1,9d7i_1,9d7o_1,9d7p_1,9evz_1,9mia_1,9mib_1,9mih_1,9mii_1",16,6,344.56,434.61
1802,"D0VWW3_1,Q5ZIS0_1,Q9YHT1_1,Q9YHT2_1",PDB-CPX-114292,,heteromeric,"1yq3_1,1yq4_1,2fbw_1,2fbw_2,2h88_1,2h88_2,2h89_1,2wqy_1,2wqy_2,6myo_1,6myp_1,6myq_1,6myr_1,6mys_1,6myt_1,6myu_1",16,4,127.44,139.04
1805,"D0VWY9_2,D0VWZ0_2,P63043_1",PDB-CPX-114327,,heteromeric,"3hkb_1,3hkc_1,3hkd_1,3hke_1,3n2g_1,3n2k_1,3ryc_1,3ryf_1,3ryh_1,3ryi_1,3ut5_1,4eb6_1,4x1i_1,4x1k_1,4x1y_1,4x20_1,6h9b_1,6tde_1",18,5,220.5,221.3
1983,"E3PY95_2,E3PY96_2",PDB-CPX-118659,"D-ornithine 4,5-aminomutase",heteromeric,"3kow_5,3kow_6,3kox_1,3kox_2,3koy_5,3koy_6,3koz_5,3koz_6,3kp0_5,3kp0_6,3kp1_1,3kp1_2",12,4,201.92,202.05
2042,"E9Q401_4,P68106_4",PDB-CPX-119046,Ryanodine 2 complex and Peptidyl-prolyl cis-trans isomerase FKBP1B,heteromeric,"6wou_1,6wov_1,7vml_1,7vmm_1,7vmn_1,7vmo_1,7vmp_1,7vmq_1,7vmr_1,7vms_1,8dty_1,8dtz_1,8dvv_1",13,8,2210.97,2309.57
2131,"F8TW82_2,F8TW83_2",PDB-CPX-119579,"Hydroquinone 1,2-dioxygenase large subunit N-terminal domain-containing protein and Hydroquinone dioxygenase small subunit",heteromeric,"5m21_1,5m21_2,5m21_3,5m22_1,5m22_2,5m22_3,5m26_1,5m26_2,5m4o_1,5m4o_2,5m4o_3",11,4,114.08,114.08
2211,"G1UBD1_3,Q603F1_3,Q607G3_3",PDB-CPX-120142,,heteromeric,"3rgb_1,7ev9_1,7s4h_1,7s4i_1,7s4j_1,7s4k_1,7t4o_1,7t4p_1,8oyi_1,8sqw_1,8sr1_1,8sr2_1,8sr4_1,8sr5_1,9cl1_1,9cl2_1,9cl3_1,9cl4_1",18,9,335.21,337.58
2570,"O00330_1,P09622_2",PDB-CPX-122380,"Dihydrolipoyl dehydrogenase, mitochondrial and Pyruvate dehydrogenase protein X component, mitochondrial",heteromeric,"1zy8_1,1zy8_2,1zy8_3,1zy8_4,1zy8_5,2f5z_1,2f5z_2,2f5z_3,2f5z_4,2f5z_5",10,3,118.25,126.55
2607,"O04197_1,Q39255_1,Q9LMA8_1",PDB-CPX-122625,,heteromeric,"3ogl_1,3ogl_2,3ogl_3,3ogl_5,3ogl_6,3ogl_7,3ogl_8,3ogm_1,3ogm_2,3ogm_3,3ogm_4,3ogm_5,3ogm_6,3ogm_7",14,3,88.93,88.93
2651,"O08547_1,O95486_1,Q15436_1",PDB-CPX-122833,,heteromeric,"5vne_1,5vnf_1,5vng_1,5vnh_1,5vni_1,5vnj_1,5vnk_1,5vnl_1,5vnl_2,5vnm_1,5vnn_1,5vno_1",12,3,189.14,189.41
2680,"O14508_1,Q15369_1,Q15370_1",PDB-CPX-123232,,heteromeric,"2c9w_1,5bo4_1,5bo4_2,5bo4_3,5bo4_4,5bo4_5,5bo4_6,6i4x_1,6i5j_1,6i5j_2,6i5n_1,6i5n_2,7m6t_1,7zlm_1,7zlm_2,7zlm_3,7zlm_4,7zln_1,7zlo_1,7zlp_1,7zlr_1,7zls_1,7zls_2,7zls_3,7zls_4",25,3,43.99,45.12
2702,"O14744_4,Q9BQA1_4",PDB-CPX-123340,Methylosome protein WDR77 and Protein arginine N-methyltransferase 5,heteromeric,"5emj_1,5emk_1,5eml_1,5emm_1,6ckc_1,6v0n_1,6v0o_1,6v0p_1,7m05_1,7mx7_1,7mxa_1,7mxc_1,7mxg_1,8x6l_1,9eyu_1,9eyv_1,9eyw_1,9eyx_1,9mgl_1,9mgm_1,9mgn_1,9mgp_1,9mgq_1,9mgr_1,9n3n_1,9n3o_1,9n3p_1,9n3q_1,9n3r_1",29,8,450.52,458.7
2770,"O15294_2,P68400_2",PDB-CPX-123724,UDP-N-acetylglucosamine--peptide N-acetylglucosaminyltransferase 110 kDa subunit and Casein kinase II subunit alpha,heteromeric,"3pe4_3,3pe4_4,3tax_1,3tax_3,4gyw_3,4gyw_4,4gyy_3,4gyy_4,4gz3_3,4gz3_4,5hgv_3,5hgv_4,5vie_1,5vif_1,6e37_2",15,4,166.16,166.49
3031,"O43189_2,Q16695_2",PDB-CPX-125301,Histone H3.1t and PHD finger protein 1,heteromeric,"6wat_1,6wat_10,6wat_11,6wat_12,6wat_13,6wat_14,6wat_15,6wat_2,6wat_3,6wat_4,6wat_5,6wat_6,6wat_7,6wat_8,6wat_9",15,4,15.99,15.99
3046,"O43504_1,Q0VGL1_1,Q6IAA8_1,Q9UHA4_1,Q9Y2Q5_1",PDB-CPX-125398,Ragulator complex,heteromeric,"5x6u_1,5y39_1,5y39_2,5y3a_1,5y3a_2,5yk3_1,5yk3_2,5yk3_3,6b9x_1,6ehp_1",10,5,58.97,74.01
3056,"O43526_4,P0DP23_4",PDB-CPX-125446,Potassium voltage-gated channel subfamily KQT member 2 and Calmodulin-1,heteromeric,"8ijk_1,8j00_1,8j01_1,8j02_1,8j03_1,8j04_1,8j05_1,8w4u_1,8x43_1,9ixz_1",10,8,373.45,378.48
3089,"O44074_1,P92506_1,P92507_1,Q33862_1",PDB-CPX-125636,,heteromeric,"3vr8_1,3vr8_2,3vr9_1,3vr9_2,3vra_1,3vra_2,3vrb_1,3vrb_2,4ysx_1,4ysx_2,4ysy_1,4ysy_2,4ysz_1,4ysz_2,4yt0_1,4yt0_2,4ytm_1,4ytm_2,4ytn_1,4ytn_2,5c2t_1,5c2t_2,5c3j_1,5c3j_2",24,4,144.54,144.74
3276,"O60885_1,P40337_1,Q15369_1,Q15370_1",PDB-CPX-126665,,heteromeric,"5t35_1,5t35_2,6sis_1,6sis_2,7khh_1,7znt_1,7znt_2,8bds_1,8bdt_1,8bdt_2,8bdx_1,8bdx_2,8beb_1,8ewv_1,8ewv_2,8ewv_3,8ewv_4,8ewv_5,8ewv_6,8ymb_1,8ymb_2",21,4,57.66,63.18
3293,"O60939_1,Q07699_1,Q15858_1",PDB-CPX-126738,"Nav1.7 voltage-gated sodium channel complex, SCN1B-SCN2B variant",heteromeric,"6j8g_1,6j8h_1,6j8i_1,6j8j_1,7w9k_1,7w9l_1,7w9m_1,7w9p_1,7w9t_1,7xm9_1,7xmf_1,7xmg_1,7xve_1,7xvf_1,8g1a_1,8i5b_1,8i5g_1,8i5x_1,8i5y_1,8s9b_1,8s9c_1,8thg_1,8thh_1,8xmn_1,8xmo_1",25,3,293.41,337.53
3323,"O66610_1,O66766_1,O67904_1",PDB-CPX-126875,,heteromeric,"3h0l_1,3h0l_2,3h0l_3,3h0l_4,3h0l_5,3h0l_6,3h0l_7,3h0l_8,3h0m_1,3h0m_2,3h0m_3,3h0m_4,3h0m_5,3h0m_6,3h0m_7,3h0m_8,3h0r_1,3h0r_2,3h0r_3,3h0r_4,3h0r_5,3h0r_6,3h0r_7,3h0r_8",24,3,120.59,120.93
3330,"O66841_2,O66842_2",PDB-CPX-126917,NADH-quinone oxidoreductase,heteromeric,"6q9k_2,8qg1_1,8qgw_1,8qh7_1,8qhk_1,9fdj_1,9fdk_1,9fdv_1,9fe0_1,9fe5_1,9fe7_1,9fe8_1,9fea_1",13,4,138.55,138.93
3398,"O74536_1,P78789_1,Q10343_1",PDB-CPX-127301,AMPK complex,heteromeric,"2oox_2,2oox_3,2qr1_1,2qr1_2,2qrc_1,2qrc_2,2qrd_1,2qrd_2,2qre_1,2qre_2",10,3,65.07,65.7
3434,"O75475_1,P04584_2",PDB-CPX-127531,Integrase and PC4 and SFRS1-interacting protein,heteromeric,"3f9k_1,3f9k_10,3f9k_11,3f9k_12,3f9k_2,3f9k_3,3f9k_4,3f9k_5,3f9k_6,3f9k_7,3f9k_8,3f9k_9",12,3,58.6,58.6
3478,"O76290_1,O76290_3",PDB-CPX-127789,Pteridine reductase,heteromeric,"2wd7_1,3bmc_1,3bmn_1,3bmo_1,4cm4_1,4cm8_1,4cm9_1,5izc_1,5jcj_1,5jdc_1,5jdi_1,5k6a_1,6gcl_1,6how_1,6tbx_1",15,4,126.92,128.61
3529,"O87880_1,P74903_1,Q56403_3,Q56404_3",PDB-CPX-128091,V-type ATP synthase,heteromeric,"3a5c_1,3a5c_2,3a5d_1,3a5d_2,3w3a_1,3w3a_2,6ly8_1,9u6f_1,9u6n_1,9u6o_1,9u6p_1,9u6t_1,9u6u_1,9u6v_1,9u6w_1,9u6x_1,9u6y_1",17,8,385.01,387.62
3539,"O88602_4,P19491_4",PDB-CPX-128149,Voltage-dependent calcium channel gamma-2 subunit and Glutamate receptor 2,heteromeric,"8fp4_1,8fp9_1,8fpg_1,8fps_1,8fq1_1,8fq5_1,8fqb_1,8fqf_1,9b5z_1,9b60_1,9b61_1,9b63_1,9b64_1,9b67_1,9b6a_1,9dhp_1,9dhq_1,9dhr_1,9dhs_1,9dht_1,9e4y_1,9e4z_1",22,8,542.23,547.86
3565,"O94609_1,P0CH07_1,P46595_1",PDB-CPX-128303,,heteromeric,"4ii2_1,9b5m_1,9b5n_1,9b5o_1,9b5p_1,9b5q_1,9b5r_1,9b5s_1,9b5t_1,9b5u_1,9b5v_1,9b5w_1,9b5x_1",13,3,138.22,141.19
3684,"P00363_1,P0A8Q0_1,P0A8Q3_1,P0AC47_1",PDB-CPX-129063,Plasma membrane fumarate reductase complex,heteromeric,"1kf6_1,1kf6_2,1kfy_1,1kfy_2,1l0v_1,1l0v_2,2b76_1,2b76_2,3cir_1,3cir_2,3p4p_1,3p4p_2,3p4q_1,3p4q_2,3p4r_1,3p4r_2,3p4s_1,3p4s_2,5vpn_1,5vpn_2,6awf_1,6awf_2",22,4,122.68,125.92
3719,"P00452_2,P69924_2",PDB-CPX-129157,Ribonucleoside-diphosphate reductase 1 complex,heteromeric,"2r1r_6,2r1r_7,4r1r_7,4r1r_9,5r1r_10,5r1r_11,6r1r_7,6r1r_8,6w4x_1,7r1r_7,7r1r_8,9db2_1",12,4,176.8,262.92
3726,"P00459_4,P07328_2,P07329_2",PDB-CPX-129173,Nitrogenase,heteromeric,"1g20_1,1g21_1,1m1y_1,1m1y_2,1m34_1,1m34_2,1n2c_1,2afi_1,2afi_2,4wza_1,4wzb_1,7uta_1,8dfd_1",13,8,360.9,362.5
3763,"P00533_1,P01834_1,P01857_1",PDB-CPX-129261,,heteromeric,"3b2u_1,3b2u_2,3b2u_3,3b2u_4,3b2u_5,3b2u_6,3b2u_7,3b2u_8,3c09_1,3c09_2",10,3,72.18,72.9
3818,"P00734_1,P00734_1,P25116_1",PDB-CPX-129592,alpha-thrombin complex and Proteinase-activated receptor 1,heteromeric,"1nrn_1,1nro_1,1nrp_1,1nrq_1,1nrr_1,3bef_1,3bef_2,3hkj_1,3hkj_2,3lu9_1,3lu9_2",11,3,36.73,38.52
3825,"P00734_2,P00734_2",PDB-CPX-129619,Thrombin heavy chain,heteromeric,"1o0d_2,1rd3_1,1sg8_3,1ths_2,1tq0_1,2a0q_3,2a2x_2,2afq_1,2feq_2,3jz1_1,3r3g_2,6p9u_1,6p9u_2,6p9u_3,6p9u_4",15,4,70.48,71.82
3863,"P00760_4,P00974_4",PDB-CPX-129799,Serine protease 1 and Pancreatic trypsin inhibitor,heteromeric,"1p2j_2,1tpa_2,2fi3_2,2fi4_2,2fi5_2,2ftl_2,2ftm_2,2ptc_2,2tgp_2,3btd_2,3bte_2,3btf_2,3btg_2,3bth_2,3btk_2,3btm_2,3btq_2,3btt_2,3btw_2,3tpi_2,4tpi_2",21,8,121.25,124.72
3876,"P00766_2,P00974_2",PDB-CPX-129844,Pancreatic trypsin inhibitor and Chymotrypsin A chain B,heteromeric,"1p2m_3,1p2n_3,1p2n_4,1p2o_3,1p2q_3,1t7c_3,1t7c_4,1t8l_3,1t8l_4,1t8m_3,1t8m_4,1t8n_3,1t8n_4,1t8o_3,1t8o_4",15,4,65.33,65.7
3883,"P00782_2,Q40059_2",PDB-CPX-129881,Chymotrypsin inhibitor 2 and Subtilisin BPN',heteromeric,"1tm1_2,1tm3_2,1tm4_2,1tm5_2,1tm7_2,1tm7_3,1y34_2,1y3b_2,1y3c_2,1y3d_2,1y3f_2,1y48_2",12,4,78.17,84.8
3903,"P00829_3,P05631_1,P19483_3",PDB-CPX-129948,ATP synthase F(1) complex mitochondrial,heteromeric,"1bmf_1,1cow_1,1e1q_1,1e1r_1,1h8h_1,1w0j_1,1w0k_1,2jiz_1,2jiz_2,2jj1_1,2jj1_2,2jj2_1,2jj2_2,2w6e_1,2w6f_1,2w6g_1",16,7,355.07,381.95
3906,"P00830_3,P07251_3,P21306_1,P38077_1,Q12165_1",PDB-CPX-129954,ATP synthase mitochondrial,heteromeric,"2hld_1,2hld_2,2hld_3,3fks_1,3fks_2,3fks_3,3oe7_1,3oe7_2,3oe7_3,3oee_1,3oee_2,3oee_3,3oeh_1,3oeh_2,3oeh_3,3ofn_1,3ofn_2",17,9,375.46,375.69
3937,"P00968_4,P0A6F1_4",PDB-CPX-130057,Carbamoyl phosphate synthetase complex,heteromeric,"1a9x_1,1bxr_1,1c30_1,1c3o_1,1ce8_1,1cs0_1,1jdb_1,1kee_1,1m6v_1,1t36_1",10,8,646.27,647.53
3989,"P01116_1,P04439_1,P61769_1",PDB-CPX-130307,"Classical MHC Ia complex, HLA-A-B2M and GTPase KRas, N-terminally processed",heteromeric,"7stf_1,8dvg_1,8k4t_1,8k4t_2,8k4v_1,8k4v_2,8k4v_3,8k4v_4,8k50_1,8k50_2,8k50_3,8k50_4,8rni_1,8udr_1,8vjz_1,8vr9_1,8vra_1,9nfc_1",18,3,47.09,96.84
3991,"P01116_1,P40337_1,Q15369_1,Q15370_1",PDB-CPX-130314,,heteromeric,"8qvu_1,8qvu_2,8qw6_1,8qw6_2,8qw7_1,8qw7_2,9rk8_1,9rk8_2,9rkc_1,9rkc_2,9rke_1,9rke_2,9rkj_1,9rkj_2,9rkn_1,9rkn_2",16,4,62.36,70.06
3992,"P01116_1,P61769_1,U5YJJ6_1",PDB-CPX-130317,,heteromeric,"8i5c_1,8i5c_10,8i5c_2,8i5c_3,8i5c_4,8i5c_5,8i5c_6,8i5c_7,8i5c_8,8i5c_9,8i5d_1,8i5e_1",12,3,93.73,93.73
4005,"P01130_1,Q8NBP7_1,Q8NBP7_1",PDB-CPX-130372,LDLR-PCSK9 complex,heteromeric,"2w2m_1,2w2n_1,2w2o_1,2w2p_1,2w2q_1,3bps_1,3gcw_1,3gcx_1,3m0c_1,3p5b_1,3p5c_1,4ne9_2",12,3,77.7,160.16
4047,"P01315_3,P01315_3",PDB-CPX-130564,Insulin B chain,heteromeric,"1b17_2,1b18_2,1b19_2,1b2a_2,1b2b_2,1b2c_2,1b2d_2,1b2e_2,1izb_5,1izb_6,1mpj_6,1mpj_7,1wav_8,1wav_9,1zni_7,1zni_8,3mth_6,3mth_7,4ins_4,4ins_5,7ins_5",21,6,17.76,19.46
4051,"P01317_2,P01317_2",PDB-CPX-130571,Insulin B chain,heteromeric,"1aph_2,1aph_3,1bph_2,1bph_3,1bph_4,1cph_3,1cph_4,1cph_5,1dph_2,1dph_3,1dph_4,2bn1_1,2bn3_1,6or0_1,6qq7_1,6qqg_1,6qrh_1,6qrk_1",18,4,11.78,11.8
4063,"P01555_1,P01556_5",PDB-CPX-130680,Cholera toxin,heteromeric,"1s5b_1,1s5c_1,1s5d_1,1s5e_1,1s5e_2,1s5f_1,1s5f_2,8oxs_1,8oxs_2,8q6i_1,8qre_1,8qre_2",12,6,86.56,87.79
4074,"P01630_1,P01630_1,P51681_1",PDB-CPX-130756,IG-heavy chain and C-C chemokine receptor type 5,heteromeric,"5yd3_1,5yd3_2,5yd3_3,5yd3_4,5yd4_1,5yd4_2,5yd4_3,5yd4_4,5yd5_1,5yd5_2",10,3,28.14,28.36
4094,"P01808_2,P37019_2",PDB-CPX-130901,H(+)/Cl(-) exchange transporter ClcA and IG-heavy chain,heteromeric,"2exw_1,2exy_1,2ez0_1,2h2p_1,2h2s_1,2hlf_1,2ht2_1,2ht3_1,2ht4_1,2htk_1,2htl_1,3det_2,3ejy_1",13,4,194.54,194.71
4184,"P01887_1,P01901_1,P06436_1",PDB-CPX-131234,,heteromeric,"1rjy_1,1rjy_2,1rjz_1,1rjz_2,1rk0_1,1rk1_1,1t0m_1,1t0m_2,1t0n_1,1t0n_2",10,3,44.86,45.03
4185,"P01887_1,P01901_1,P07399_1",PDB-CPX-131236,,heteromeric,"1s7q_1,1s7r_1,1s7r_2,1s7s_1,1s7t_1,1s7t_2,3rol_1,3rol_2,3roo_1,3roo_2",10,3,51.95,52.02
4211,"P01889_1,P32241_1,P61769_1",PDB-CPX-131315,"Classical MHC Ia complex, HLA-B-B2M and Vasoactive intestinal polypeptide receptor 1",heteromeric,"1of2_1,1ogt_1,3b3i_1,3b6s_1,3dtx_2,3hcv_1,5def_1,5deg_1,5ib1_1,5ib2_1,5ib3_1,5ib4_1,5ib5_1,5ib5_2",14,3,45.57,45.84
4225,"P01903_1,P01911_1,P04233_1",PDB-CPX-131385,,heteromeric,"1a6a_1,3pdo_1,3pgc_1,3pgc_2,3pgd_1,3pgd_2,3qxa_1,3qxa_2,3qxd_1,3qxd_2,4aen_1,4x5w_1",12,3,47.23,48.36
4226,"P01903_1,P01911_1,P04439_1",PDB-CPX-131386,"HLA class histocompatibility antigen,",heteromeric,"1aqd_1,1aqd_2,1aqd_3,1aqd_4,4ov5_1,4ov5_2,4ov5_3,4ov5_4,4ov5_5,4ov5_6",10,3,44.92,47.09
4229,"P01903_1,P01911_1,P08670_1",PDB-CPX-131391,,heteromeric,"4mcy_1,4mcz_1,4md0_1,4md5_1,4mdi_1,4mdj_1,6bir_1,8trq_1,8trr_1,8trr_2",10,3,47.54,98.62
4235,"P01958_2,P02062_2",PDB-CPX-131443,Hemoglobin,heteromeric,"1g0b_1,1ibe_1,1iwh_1,1ns6_1,1ns9_1,1y8h_1,1y8i_1,1y8k_1,2d5x_1,2dhb_1,2mhb_1,2zlt_1,2zlu_1,2zlv_1,2zlw_1,5c6e_1,6r2o_1,6sva_1,8puq_1,8pur_1",20,4,64.88,66.52
4236,"P01966_2,P02070_2",PDB-CPX-131446,Hemoglobin complex,heteromeric,"1fsx_1,1g08_1,1g09_1,1g0a_1,1hda_1,2qsp_1,2qss_1,3ciu_1,3pi8_1,3pi9_1,3pia_1,6ihx_1,6ii1_1,9rxg_1",14,4,64.76,65.37
4300,"P02708_2,P11230_1,Q04844_1,Q07001_1",PDB-CPX-132249,"Muscle-type nicotinic acetylcholine receptor complex, alpha1-beta1-delta-epsilon",heteromeric,"9dmg_1,9dmh_1,9dmj_1,9dmk_1,9dml_1,9dmq_1,9dms_1,9dmt_1,9dmv_1,9gu2_1,9gu3_1",11,5,341.68,393.26
4302,"P02710_2,P02712_1,P02714_1,P02718_1",PDB-CPX-132256,"Acetylcholine receptor, alpha1-beta1-gamma-delta",heteromeric,"7qko_1,7ql5_1,7ql6_1,7smm_1,7smq_1,7smr_1,7sms_1,7smt_1,8esk_1,8f2s_1,8f6y_1,8f6z_1,8qqm_1,9e3e_1,9e3f_1,9e3g_1",16,5,278.86,283.55
4312,"P02745_1,P02746_1,P02747_1",PDB-CPX-132291,Complement C1q subcomponent,heteromeric,"1pk6_1,2jg8_1,2jg8_2,2jg9_1,2jg9_2,2wnu_1,2wnu_2,2wnv_1,2wnv_2,6z6v_1,6z6v_2",11,3,45.26,61.25
4440,"P03314_1,P04439_1,P61769_1",PDB-CPX-132880,"Classical MHC Ia complex, HLA-A-B2M and Serine protease NS3",heteromeric,"5n6b_1,5n6b_2,6ss7_1,6ss7_2,6ss8_1,6ss8_2,6ss9_1,6ss9_2,6ssa_1,6ssa_2,6ssa_3,6ssa_4",12,3,45.62,46.25
4446,"P03349_1,P03369_2",PDB-CPX-132926,Spacer peptide 2 and Protease,heteromeric,"4obd_1,4obd_2,4obf_1,4obf_2,4obh_1,4obh_2,4obj_1,4obk_1,4qj6_1,4qj6_2,4qj7_1,4qj7_2,4qj8_1,4qj8_2,4qj9_1,4qja_1",16,3,23.24,23.71
4465,"P03372_1,P03372_1,Q15788_2",PDB-CPX-132998,Nuclear receptor coactivator 1 and Estrogen receptor,heteromeric,"3uu7_1,3uua_1,3uud_1,4mg7_1,4mg8_1,4mg9_1,4mga_1,4mgb_1,4mgd_1,4tuz_1,4tv1_1,5jmm_1",12,4,62.07,62.55
4473,"P03372_2,Q61026_2",PDB-CPX-133011,Nuclear receptor coactivator 2 and Estrogen receptor,heteromeric,"1l2i_1,1l2i_2,2q6j_1,2qa6_1,2qab_1,2qgt_1,2qgw_1,2qh6_1,2qr9_1,2qse_1,2qxm_1",11,4,62.62,63.73
4483,"P03421_4,P28887_1",PDB-CPX-133070,RNA-directed RNA polymerase L and Phosphoprotein,heteromeric,"6pzk_1,6uen_1,8fpi_1,8fu3_1,8snx_1,8sny_1,9c7y_1,9ecv_1,9ed2_1,9n36_1",10,5,370.89,371.32
4491,"P03437_3,P03437_3",PDB-CPX-133097,Hemagglutinin HA2 chain,heteromeric,"1eo8_1,1hgg_1,1htm_1,2hmg_1,2viu_1,2ypg_1,3eym_1,3hmg_1,3vun_1,4hmg_1,5hmg_1,6y5g_1,6y5h_1,6y5i_1,6y5j_1,6y5k_1",16,6,173.47,312.92
4497,"P03452_3,P03452_3",PDB-CPX-133109,Hemagglutinin HA1 chain,heteromeric,"1ru7_1,1ru7_2,1rvx_1,1rvx_2,1rvz_1,1rvz_2,5w5s_1,5w5u_1,5w6i_1,5w6r_1,5w6r_2,5w6t_1,5w6u_1,6wcr_1,8sd2_1,8sd4_1,8vql_1,8vqq_1,9phd_1,9phq_1,9phs_1",21,6,178.16,189.45
4503,"P03485_1,P04439_1,P61769_1",PDB-CPX-133128,"Classical MHC Ia complex, HLA-A-B2M and Matrix protein 1",heteromeric,"1hhi_1,1hhi_2,2vll_1,2vll_2,5euo_1,5euo_2,5isz_1,5jhd_1,5jhd_2,5tez_1",10,3,94.7,96.41
4535,"P03959_1,P03960_1,P03961_1,P36937_1",PDB-CPX-133368,KdpFABC potassium import complex,heteromeric,"5mrw_1,5mrw_2,5mrw_3,6hra_1,6hrb_1,7bgy_1,7bh1_1,7bh2_1,7lc3_1,7lc6_1,7nnl_1,7nnp_1,7zrd_1,7zre_1,7zrg_1,7zrh_1,7zri_1,7zrj_1,7zrk_1,7zrl_1,7zrm_1,9oc4_1",22,4,157.9,158.98
4546,"P04049_2,P31947_2",PDB-CPX-133422,RAF proto-oncogene serine/threonine-protein kinase and 14-3-3 protein sigma,heteromeric,"3iqj_1,3iqu_1,3iqv_1,3o8i_1,4iea_1,8a68_1,8a6f_1,8a6h_1,8atr_1,8ats_1,8av0_1,8q5c_1,8s42_1,9ew1_1,9ew3_1,9ew4_1,9ew5_1,9ew7_1",18,4,56.42,56.9
4549,"P04050_1,P08518_1,P16370_1,P20434_1,P20435_1,P20436_1,P22139_1,P27999_1,P38902_1,P40422_1",PDB-CPX-133435,RNA Polymerase,heteromeric,"1i3q_1,1i50_1,1i6h_1,1r9s_1,1sfo_1,1twa_1,1twc_1,1twf_1,1twg_1,1twh_1,2nvt_1,2nvy_1,4v1m_1",13,10,470.78,482.46
4563,"P04122_2,P12306_2",PDB-CPX-133496,Lectin beta-1 and beta-2 chains and Mannose/glucose-specific lectin alpha 1 chain,heteromeric,"1loa_1,1loa_2,1lob_1,1lob_2,1loc_1,1loc_2,1lod_1,1lod_2,1loe_1,1log_1",10,4,51.97,52.62
4608,"P04439_1,P04601_1,P61769_1",PDB-CPX-133733,"Classical MHC Ia complex, HLA-A-B2M and C-terminal core protein",heteromeric,"3rl2_1,4wu5_1,4wu5_2,4wu7_1,4wu7_2,5hga_1,5hga_2,5hgb_1,5hgb_2,5hgb_3,5hgb_4,5hgd_1,5hgd_2,5hgh_1",14,3,44.66,44.91
4628,"P04439_1,P61769_1,P78358_1",PDB-CPX-133779,"Classical MHC Ia complex, HLA-A-B2M and Cancer/testis antigen 1",heteromeric,"1s9w_1,3gjf_1,3gjf_2,3hae_1,3hae_2,3hae_3,3hae_4,3kla_1,3kla_2,6rp9_1,6rp9_2,6rpa_1,6rpb_1,6rpb_2,6rpb_3,6rpb_4",16,3,90.8,95.96
4631,"P04439_1,P61769_1,Q16655_1",PDB-CPX-133784,"Classical MHC Ia complex, HLA-A-B2M and Melanoma antigen recognized by T-cells 1",heteromeric,"2gt9_1,2gt9_2,2gtw_1,2gtw_2,2gtz_1,2gtz_2,2guo_1,2guo_2,3mro_1,3mrp_1,3mrq_1,3qfd_1,3qfd_2,4eup_1,4eup_2,4l3e_1,4qok_1,4wj5_1,4wj5_2",19,3,45.08,94.91
4634,"P04439_1,P61769_1,Q3KSS7_1",PDB-CPX-133788,"Classical MHC Ia complex, HLA-A-B2M and Replication and transcription activator",heteromeric,"6nca_1,6nca_10,6nca_11,6nca_12,6nca_13,6nca_14,6nca_15,6nca_16,6nca_17,6nca_18,6nca_19,6nca_2,6nca_20,6nca_3,6nca_4,6nca_5,6nca_6,6nca_7,6nca_8,6nca_9",20,3,44.8,44.8
4668,"P04585_2,P04585_2",PDB-CPX-133954,Protease,heteromeric,"3di6_1,3ffi_2,3i0r_2,3i0s_2,3lp0_2,3lp1_2,3lp2_2,3qip_2,4i7f_2,4ncg_1,5vz6_2",11,4,234.16,234.52
4688,"P04637_2,P31947_2",PDB-CPX-134050,Cellular tumor antigen p53 and 14-3-3 protein sigma,heteromeric,"3lw1_1,5mhc_1,5moc_1,6r5l_1,6rjz_1,6rk8_1,6rki_1,6rkk_1,6rkm_1,6rl3_1,6rl4_1,6rl6_1,6rm5_1,6rm7_1,6rwh_1,6rwi_1,6rws_1,6rwu_1,6rx2_1,6s39_1,6s3c_1,6s40_1,6s9q_1,6sin_1,6sio_1,6sip_1,6siq_1,6slv_1",28,4,60.13,61.61
4705,"P04896_1,P26769_1,P30803_1",PDB-CPX-134162,,heteromeric,"1cjk_1,1cjt_1,1cju_1,1cjv_1,1cs4_1,1cul_1,1tl7_1,1u0h_1,2gvd_1,2gvz_1,3c14_1,3c15_1,3c16_1,3g82_1,3maa_1",15,3,96.78,97.57
4765,"P05109_2,P06702_2",PDB-CPX-134387,Calprotectin heterotetramer,heteromeric,"1xk4_1,1xk4_2,1xk4_3,4ggf_1,4ggf_2,4xjk_1,4xjk_2,4xjk_3,5w1f_1,5w1f_2,6ds2_1,6ds2_2,7quv_1,8sjb_1,8sjc_1",15,4,48.6,56.43
4782,"P05164_2,P05164_2",PDB-CPX-134448,Myeloperoxidase heavy chain,heteromeric,"1cxp_1,1d2v_1,1d5l_1,1d7w_1,1dnu_1,1dnw_1,1mhl_1,1myp_1,3zs0_1,4dl1_1,4dl1_2,4dl1_3,4dl1_4,5wdj_1",14,4,135.55,136.79
4888,"P06710_3,P28630_1,P28631_1",PDB-CPX-135035,DNA polymerase III,heteromeric,"1jr3_1,1xxh_1,1xxh_2,1xxi_1,1xxi_2,3glf_1,3glf_2,3glg_1,3glg_2,3glh_1,3glh_2,3glh_3",12,5,201.66,218.45
4916,"P06828_3,P06828_3",PDB-CPX-135127,Fusion glycoprotein F0,heteromeric,"6nro_1,6nyx_1,6nyx_2,6nyx_3,6nyx_4,6nyx_5,6o40_1,6prl_1,6pyq_1,6pz6_1,6v3v_1,6vas_1,6vas_2,6vjo_1",14,6,29.7,30.25
4933,"P07014_1,P0AC41_1,P0AC44_1,P69054_1",PDB-CPX-135210,Succinate Dehydrogenase,heteromeric,"1nek_1,1nen_1,2wdq_1,2wdq_2,2wdq_3,2wdr_1,2wdr_2,2wdr_3,2wdv_1,2wdv_2,2wdv_3,2wp9_1,2wp9_2,2wp9_3,2ws3_1,2ws3_2,2ws3_3,2wu2_1,2wu2_2,2wu2_3,2wu5_1,2wu5_2,2wu5_3",23,4,121.14,123.18
4944,"P07149_1,P19097_2",PDB-CPX-135272,Fatty acid synthase,heteromeric,"8prv_1,8ps1_1,8ps2_1,8ps8_1,8ps9_1,8psa_1,8psf_1,8psg_1,8psj_1,8psk_1,8psl_1,8psm_1,8psp_1",13,3,644.12,646.55
4959,"P07291_1,P13543_1,P24733_1",PDB-CPX-135359,Myosin,heteromeric,"1b7t_1,1dfk_1,1dfl_1,1dfl_2,1kk7_1,1kk8_1,1kqm_1,1kwo_1,1l2o_1,1qvi_1,1s5g_1,1scm_1,1sr6_1,1wdc_1,2w4v_1,2w4w_1,3jtd_1,3jvt_1",18,3,129.05,131.7
4968,"P07339_2,P07339_2",PDB-CPX-135398,Cathepsin D light chain,heteromeric,"1lyb_1,1lyw_10,1lyw_11,1lyw_12,1lyw_7,1lyw_8,1lyw_9,4obz_1,4oc6_1,4od9_1",10,4,74.47,79.6
5084,"P08246_1,P08311_1,Q99QS1_1",PDB-CPX-135943,,heteromeric,"8d7i_1,8d7i_2,8d7i_3,8d7i_4,8d7i_5,8d7i_6,8d7k_1,8d7k_2,8d7k_3,8d7k_4,9asx_1,9atk_1,9atk_2,9atk_3,9atk_4",15,3,59.9,62.79
5106,"P08559_2,P11177_2",PDB-CPX-136071,Pyruvate dehydrogenase E1 heterotetramer,heteromeric,"1ni4_1,2ozl_1,3exe_1,3exe_2,3exf_1,3exf_2,3exg_1,3exg_2,3exg_3,3exg_4,3exg_5,3exg_6,3exg_7,3exg_8,3exi_1,6cer_1,6cer_2,6cfo_1",18,4,157.07,159.52
5125,"P08669_3,P08669_3",PDB-CPX-136162,Glycoprotein G1,heteromeric,"5vk2_1,6p91_1,6p95_1,7puy_1,7pvd_1,7s8h_1,7tyv_1,7uot_1,7uov_1,8ejd_1,8ejh_1,8eji_1,8ejj_1,8t5c_1,9cj7_1,9mhe_1,9miv_1,9miy_1,9mj1_1,9mj2_1,9r8u_1",21,6,299.8,431.22
5163,"P09152_1,P11349_1,P11350_1",PDB-CPX-136455,Respiratory nitrate reductase 1,heteromeric,"1q16_1,1siw_1,1y4z_1,1y5i_1,1y5l_1,1y5n_1,3egw_2,3ir5_1,3ir6_1,3ir7_1,3ir7_2,3ir7_3",12,3,229.3,230.16
5164,"P09152_2,P11349_2,P11350_2",PDB-CPX-136457,Nitrate reductase A complex,heteromeric,"1q16_2,1q16_3,1q16_4,1siw_2,1siw_3,1siw_4,1y4z_2,1y5i_2,1y5l_2,1y5n_2,3egw_1,3ir5_2,3ir5_3,3ir6_2,3ir6_3,3ir7_4,3ir7_5,3ir7_6",18,6,458.61,460.31
5233,"P0A110_3,P0A112_3",PDB-CPX-136865,"Naphthalene 1,2-dioxygenase system, oxygenase",heteromeric,"1eg9_1,1ndo_1,1o7g_1,1o7h_1,1o7m_1,1o7n_1,1o7p_1,1o7w_1,1uuv_1,1uuw_1",10,6,220.73,221.61
5234,"P0A111_3,P0A113_3",PDB-CPX-136867,"Naphthalene 1,2-dioxygenase system, oxygenase",heteromeric,"2hmj_1,2hmk_1,2hml_1,2hmm_1,2hmn_1,2hmo_1,4hjl_1,4hkv_1,4hm0_1,4hm1_1,4hm2_1,4hm3_1,4hm4_1,4hm5_1,4hm6_1,4hm7_1,4hm8_1",17,6,221.74,224.67
5383,"P0A836_2,P0AGE9_2",PDB-CPX-137510,Succinyl-CoA synthetase,heteromeric,"1cqi_1,1cqj_1,1jkj_1,1jkj_2,1jll_1,1jll_2,1scu_1,2nu6_1,2nu6_2,2nu7_1,2nu7_2,2nu8_1,2nu8_2,2nu9_1,2nu9_2,2nua_1,2nua_2,2scu_1,2scu_2",19,4,145.87,147.46
5396,"P0A8K1_2,P0A8K1_2",PDB-CPX-137565,Phosphatidylserine decarboxylase beta chain,heteromeric,"6l06_1,6l06_2,6l07_1,6l07_3,6l07_4,7cnw_1,7cnx_1,7cnx_2,7cny_1,7cnz_1,7cnz_2",11,4,68.07,69.53
5417,"P0A903_1,P0A937_1,P0A940_1,P0ABZ6_1,P0AC02_1,P77774_1",PDB-CPX-137621,,heteromeric,"8pz1_1,8pz2_1,8pzu_1,8pzv_1,9hg5_1,9hg6_1,9hg7_1,9hg8_1,9hg9_1,9hga_1",10,6,247.65,250.63
5479,"P0ABI8_1,P0ABJ1_1,P0ABJ3_1,P0ABJ6_1",PDB-CPX-138073,Cytochrome bo3 ubiquinol oxidase complex,heteromeric,"6wti_1,7cub_1,7cuq_1,7cuw_1,7n9z_1,7xmc_1,7xmd_1,8f68_1,8go3_1,8qqk_1",10,4,148.18,155.9
5505,"P0ACD8_2,P69739_2",PDB-CPX-138166,Hydrogenase-1 large chain and Hydrogenase-1 small chain,heteromeric,"3uqy_3,3usc_3,3use_3,4ue3_1,5a4f_1,5a4i_1,5a4m_1,5adu_1,5lmm_1,5lry_1,6fpi_1,6fpo_1,6fpw_1,6g7r_1,6gal_1,6rp2_1,9eqi_1,9eql_1,9er5_1,9er6_1,9er7_1,9er9_1,9era_1",23,4,205.85,208.12
5506,"P0ACE0_2,P69741_2",PDB-CPX-138169,Hydrogenase-2 small chain and Hydrogenase-2 large chain,heteromeric,"6ehq_1,6en9_1,6g7m_1,6gam_1,6gan_1,7nem_1,9erb_1,9erc_1,9erp_1,9err_1,9ers_1",11,4,192.73,193.89
5858,"P0DTC2_3,Q9BYF1_2",PDB-CPX-140226,SARS-CoV-2 cleaved Spike protein complex and Processed angiotensin-converting enzyme 2,heteromeric,"7a97_1,7dx8_1,7dx9_1,7kj3_1,7kmz_1,7knh_1,7mjm_1,7t9k_1,7wgb_1,7ws8_1,7xch_1,7xid_1,7xo7_1,7y20_1,7yr3_1,8dlu_1,8dm5_1,8jyo_1,8whu_1,8xal_1,8xuy_1,8z4x_1,9elf_1",23,5,579.12,635.45
5859,"P0DTC2_3,Q9BYF1_3",PDB-CPX-140227,SARS-CoV-2 cleaved Spike protein complex and Processed angiotensin-converting enzyme 2,heteromeric,"7a98_1,7ct5_1,7kj4_1,7kms_1,7kni_1,7r1a_1,7sy5_1,7xo8_1,7y1y_1,7y1z_1,7y21_1,7ya0_1,7yeg_1,8dlp_1,8i9b_1,8i9c_1,8i9d_1,8vko_1,8wgv_1,8wyh_1,8xvm_1,8y16_1,8z6a_1,8z7p_1",24,6,657.74,758.18
5874,"P0DTD1_1,P0DTD1_1,P0DTD1_2",PDB-CPX-140294,SARS-CoV-2 polymerase complex,heteromeric,"6m71_1,6xqb_1,6yyt_1,7btf_1,7bv1_1,7bw4_1,7d4f_1,7dfg_1,7dfh_1,7doi_1,7dok_1,8xko_1,9i81_1",13,4,168.59,183.81
5945,"P10636_2,P31947_2",PDB-CPX-140696,Microtubule-associated protein tau and 14-3-3 protein sigma,heteromeric,"4fl5_1,4y32_1,4y5i_1,5btv_1,5hf3_1,6fbw_1,6fi4_1,6fi5_1,9fs4_1,9fvg_1,9fvh_1,9fvi_1,9fvn_1,9fvp_1,9gg7_1,9gg8_1,9gga_1,9qnk_1",18,4,56.48,57.05
6036,"P11558_2,P11560_2,P11562_2",PDB-CPX-141104,Methyl-coenzyme M Reductase,heteromeric,"1hbm_1,1hbn_1,1hbo_1,1hbu_1,1mro_1,3m1v_1,3m2r_1,3m2u_1,3m2v_1,3m30_1,3m32_1,3pot_1,5a0y_1,5g0r_1,7b2h_1,7suc_1,7sxm_1",17,6,276.87,279.69
6041,"P11716_4,P62943_4",PDB-CPX-141134,Ryanodine 1 complex and Peptidyl-prolyl cis-trans isomerase FKBP1A,heteromeric,"3j8h_1,5gky_1,5gkz_1,5gl0_1,5gl1_1,9e18_1,9e19_1,9e1a_1,9e1b_1,9e1c_1,9e1d_1,9e1e_1,9e1f_1,9e1g_1,9e1h_1,9e1i_1",16,8,2314.69,2315.14
6043,"P11716_4,Q8HYX6_4",PDB-CPX-141136,Ryanodine 1 complex and Peptidyl-prolyl cis-trans isomerase FKBP1B,heteromeric,"8rrt_1,8rru_1,8rrv_1,8rrw_1,8rrx_1,8rs0_1,9heo_1,9heq_1,9r8o_1,9rcw_1",10,8,2372.09,2419.48
6069,"P11961_1,P21873_2,P21874_2",PDB-CPX-141228,,heteromeric,"1w85_1,1w85_2,1w88_1,1w88_2,3duf_1,3duf_2,3dv0_1,3dv0_2,3dva_1,3dva_2",10,5,201.38,201.68
6074,"P11987_2,P18798_2,P22869_2",PDB-CPX-141240,Methane monooxygenase A,heteromeric,"1fyz_1,1fz0_1,1fz1_1,1fz2_1,1fz3_1,1fz4_1,1fz5_1,1fz6_1,1fz7_1,1fz8_1,1fz9_1,1fzh_1,1fzi_1,1mmo_1,1mty_1,1xmf_1,1xmg_1,1xmh_1,1xu3_1,1xu5_1,1xvb_1,1xvc_1,1xvd_1,1xve_1,1xvf_1,1xvg_1,7tc7_1,7tc8_1",28,6,252.08,254.24
6124,"P12504_1,Q13951_1,Q15369_1,Q15370_1,Q93034_1",PDB-CPX-141454,,heteromeric,"4n9f_1,4n9f_10,4n9f_11,4n9f_12,4n9f_2,4n9f_3,4n9f_4,4n9f_5,4n9f_6,4n9f_7,4n9f_8,4n9f_9",12,5,100.04,100.04
6136,"P12694_2,P21953_2",PDB-CPX-141519,2-oxoisovalerate dehydrogenase mitochondrial,heteromeric,"1dtw_1,1ols_1,1olu_1,1olx_1,1u5b_1,1v11_1,1v16_1,1v1m_1,1v1r_1,1wci_1,1x7w_1,1x7x_1,1x7y_1,1x7z_1,1x80_1,2beu_1,2bev_1,2bew_1,2bfb_1,2bfc_1,2bfd_1,2bfe_1,2bff_1,2j9f_1",24,4,168.46,170.46
6173,"P13127_1,P14315_1,Q9Y5K6_1",PDB-CPX-141689,,heteromeric,"3aa6_1,3lk4_1,3lk4_10,3lk4_11,3lk4_12,3lk4_2,3lk4_3,3lk4_4,3lk4_5,3lk4_6,3lk4_7,3lk4_8,3lk4_9",13,3,67.68,67.68
6194,"P13448_2,P13449_2",PDB-CPX-141799,Iron-containing nitrile hydratase,heteromeric,"1ahj_5,1ahj_6,2cyz_2,2cz1_2,2cz6_2,2cz7_2,2qdy_2,2zpb_2,2zpe_2,2zpf_2,2zpg_2",11,4,93.31,95.06
6226,"P13747_1,P61769_1,P9WGR1_1",PDB-CPX-141931,"Nonclassical MHC Ib complex, HLA-E-B2M and Enoyl-[acyl-carrier-protein] reductase [NADH]",heteromeric,"6ggm_1,6ggm_2,6gh1_1,6gh1_2,6gh1_3,6gh1_4,6gh4_1,6gh4_2,6gh4_3,6gh4_4,6ghn_1,6ghn_2,6zkw_1,6zkx_1,6zky_1,6zkz_1,8qfy_1,8qfy_2",18,3,44.89,94.67
6272,"P14649_1,P68135_1,Q02440_1",PDB-CPX-142166,,heteromeric,"7plt_1,7plv_1,7plw_1,7plx_1,7ply_1,7pm0_1,7pm1_1,7pm2_1,7pm5_1,7pm7_1,7pm8_1,7pm9_1,7pma_1,7pmb_1,7pmc_1,7pmd_1,7pmf_1,7pmg_1,7pmh_1,7pmi_1,7pmj_1,7pml_1",22,3,152.28,152.38
6277,"P14682_1,P22515_1,P69326_1",PDB-CPX-142188,,heteromeric,"6nya_1,6nya_2,7k5j_1,7k5j_2,7k5j_3,7k5j_4,7k5j_5,7k5j_6,7k5j_7,7k5j_8",10,3,146.23,148.05
6295,"P14784_1,P31785_1,P60568_1",PDB-CPX-142243,,heteromeric,"3qaz_1,3qaz_10,3qaz_11,3qaz_12,3qaz_2,3qaz_3,3qaz_4,3qaz_5,3qaz_6,3qaz_7,3qaz_8,3qaz_9,5m5e_1",13,3,66.3,78.16
6299,"P14867_2,P18507_1,P28472_2",PDB-CPX-142268,"GABA-A receptor, alpha1-beta3-gamma2",heteromeric,"6i53_1,7qne_1,9eqg_1,9fas_1,9ffv_1,9ffw_1,9ffx_1,9ffy_1,9ffz_1,9fg0_1,9fg1_1,9fg2_1,9fg3_1,9fg7_1,9fg8_1,9fg9_1,9fgf_1,9fgg_1,9fgh_1",19,5,266.33,295.48
6301,"P14867_2,P18507_1,P47870_2",PDB-CPX-142270,"GABA-A receptor, alpha1-beta2-gamma2",heteromeric,"6d6t_1,6d6u_1,6x3s_1,6x3t_1,6x3u_1,6x3v_1,6x3w_1,6x3x_1,6x3z_1,6x40_1,7t0w_1,7t0z_1,8dd2_1,8dd3_1,8sgo_1,8si9_1,8sid_1,8vqy_1,8vrn_1,9crs_1,9drx_1",21,5,364.96,415.51
6313,"P14921_1,Q03347_1,Q08024_1",PDB-CPX-142306,,heteromeric,"3wts_1,3wts_2,3wtt_1,3wtt_2,3wtu_1,3wtu_2,3wtv_1,3wtv_2,3wtw_1,3wtw_2,3wtx_1,3wtx_2,3wty_1,3wty_2",14,3,68.04,68.22
6373,"P15873_3,P38251_1,P38629_1,P38630_1,P40339_1,P40348_1",PDB-CPX-142641,PCNA homotrimer,heteromeric,"1sxj_1,7thj_1,7thv_1,7ti8_1,7tic_1,7tku_1,8dqx_1,8dqz_1,8dr0_1,8dr1_1,8dr3_1,8dr4_1,8dr5_1",13,8,347.07,370.86
6510,"P18670_2,P18673_2",PDB-CPX-143466,Agglutinin beta-3 chain and Agglutinin alpha chain,heteromeric,"1toq_6,1toq_7,1toq_8,1toq_9,1tp8_6,1tp8_7,4r6n_1,4r6n_2,4r6o_2,4r6o_3,4r6p_2,4r6p_3,4r6q_2,4r6q_3,4r6r_2,4r6r_3,5j4t_1,5j4t_2,5j4x_1,5j4x_2,5j50_1,5j50_2,5j51_1,5j51_2,5jm1_1,5jm1_2",26,4,33.98,34.98
6512,"P18670_4,P18673_4",PDB-CPX-143468,Agglutinin beta-3 chain and Agglutinin alpha chain,heteromeric,"1m26_1,1pxd_1,1toq_5,1tp8_5,1ugx_1,1uh0_1,1uh0_2,1uh1_1,1uh1_2,4r6n_3,4r6o_1,4r6p_1,4r6q_1,4r6r_1",14,8,68.26,74.59
6553,"P19429_1,P45379_1,P63316_1",PDB-CPX-143629,Cardiac Troponin complex,heteromeric,"1j1d_1,1j1d_2,1j1e_1,1j1e_2,4y99_1,8fmm_1,8fmm_2,8fmn_1,8fmn_2,8fmo_1,8fmo_2,8fmp_1,8fmp_2,8fmq_1,8fmq_2,8fmr_1,8fmr_2,8fms_1,8fms_2,8fmt_1,8fmt_2",21,3,47.17,55.88
6567,"P19491_4,Q71RJ2_4",PDB-CPX-143678,Voltage-dependent calcium channel gamma-2 subunit and Glutamate receptor 2,heteromeric,"5kk2_1,5vot_1,5vou_1,5vov_1,8c1r_1,8c1s_1,8p3q_1,8p3s_1,8p3x_1,8p3y_1,8p3z_1",11,8,541.88,551.48
6697,"P21554_1,P59768_1,P62873_1,P63096_1",PDB-CPX-144309,,heteromeric,"6kpg_1,6n4b_1,8gag_1,8ghv_1,8ikg_1,8ikh_1,9b54_1,9b65_1,9ego_1,9erx_1",10,4,169.8,178.02
6715,"P21728_1,P59768_1,P62873_1,P63092_1",PDB-CPX-144394,,heteromeric,"7ckw_1,7ckx_1,7cky_1,7ckz_1,7crh_1,7f0t_1,7f1o_1,7f1z_1,7f23_1,7f24_1,7jv5_1,7jvp_1,7jvq_1,7x2c_1,7x2d_1,7x2f_1",16,4,148.18,166.8
6917,"P25098_1,P62871_1,P63212_1",PDB-CPX-145356,,heteromeric,"3cik_1,3krw_1,3krx_1,3v5w_1,4mk0_1,5wg3_1,5wg4_1,5wg5_1,6c2y_1,6u7c_1,7pwd_1",11,3,125.58,127.55
7066,"P27958_2,P27958_2",PDB-CPX-146105,Protease NS2,heteromeric,"2a4r_1,2f9v_1,2o8m_1,2obo_1,2obq_1,2oc0_1,2oc1_1,2oc7_1,2oc8_1,2oin_3",10,4,48.07,48.27
7068,"P27988_2,P27989_2",PDB-CPX-146117,Carbon monoxide dehydrogenase/acetyl-CoA synthase,heteromeric,"1mjg_1,1mjg_2,1oao_1,2z8y_1,2z8y_2,3i01_1,3i01_2,3i04_1,3i04_2,6x5k_1,6x5k_2,9fnc_1,9fnj_1,9fop_1,9fox_1",15,4,312.89,316.6
7080,"P28241_2,P28834_2",PDB-CPX-146166,Isocitrate dehydrogenase [NAD] mitochondrial,heteromeric,"3blv_2,3blv_3,3blw_3,3blw_4,3blw_5,3blw_6,3blx_3,3blx_4,3blx_5,3blx_6",10,4,152.9,154.53
7135,"P29466_2,P29466_2",PDB-CPX-146466,Caspase-1 complex,heteromeric,"1bmq_2,1ibc_1,1ice_1,1rwk_1,1rwm_1,1rwn_1,1rwo_1,1rwp_1,1rwv_1,1rww_1,1rwx_1,1sc3_1,1sc4_1,2fqq_1,2h48_1,2h4w_1,2h4y_1,2h51_1,2h54_1,2hbq_1,2hbr_1,2hby_1,2hbz_1,3d6f_1,3d6h_1,3d6m_1,3ns7_2,6f6r_1",28,4,61.27,64.66
7267,"P31947_2,P46937_2",PDB-CPX-147096,Transcriptional coactivator YAP1 and 14-3-3 protein sigma,heteromeric,"3mhr_1,6g6x_1,6g8i_1,6g8j_1,6g8k_1,6g8l_1,6g8p_1,6g8q_1,7o07_1,8c2f_1",10,4,55.83,56.57
7269,"P31947_2,P62508_2",PDB-CPX-147101,Estrogen-related receptor gamma and 14-3-3 protein sigma,heteromeric,"6xxc_1,6xy5_1,6y18_1,6y1d_1,6y3w_1,6y58_1,8b4q_1,8bjg_1,8bjn_1,8bm5_1",10,4,56.28,56.43
7273,"P31947_2,Q13526_2",PDB-CPX-147109,Peptidyl-prolyl cis-trans isomerase NIMA-interacting 1 and 14-3-3 protein sigma,heteromeric,"7aog_1,7axn_1,7ayf_1,7az1_1,7az2_1,7bdp_1,7bdt_1,7bdy_1,7bfw_1,7bg3_1,7bgq_1,7bgr_1,7bgv_1,7bgw_1,7nif_1,7nig_1,7nj6_1,7nj8_1,7nja_1,7nrk_1,7nrl_1,7oq9_1,7oqa_1,8c2g_1,8c3c_1",25,4,61.64,63.34
7274,"P31947_2,Q4VCS5_2",PDB-CPX-147112,Angiomotin and 14-3-3 protein sigma,heteromeric,"7nma_1,7nmw_1,7nmx_1,7nn2_1,7nnd_1,7nne_1,7np2_1,7npb_1,7npg_1,7oqg_1,7oqj_1,7oqs_1,7oqu_1,7oqw_1",14,4,60.76,62.22
7276,"P31947_2,Q9GZV5_2",PDB-CPX-147123,WW domain-containing transcription regulator protein 1 and 14-3-3 protein sigma,heteromeric,"5n5r_1,5n5t_1,5n5w_1,5n75_1,6rhc_1,6rjl_1,6rjq_1,6rp6_1,6slw_1,6slx_1,8r0z_1",11,4,56.73,60.52
7278,"P31947_2,Q9NPC2_2",PDB-CPX-147125,Potassium channel subfamily K member 9 and 14-3-3 protein sigma,heteromeric,"3p1n_1,3p1o_1,3p1p_1,3p1q_1,3p1r_1,3p1s_1,3smk_1,3sml_1,3smm_1,3smn_1,3smo_1,3sp5_1,3spr_1,3ux0_1,4fr3_1,6ghp_1",16,4,56.03,56.55
7333,"P32851_1,P60881_1,P60881_1,P63045_1",PDB-CPX-147443,SNARE Proteins,heteromeric,"1n7s_1,1sfc_1,1sfc_2,1sfc_3,3hd7_1,3hd7_2,3ipd_1,3ipd_2,6wvw_1,6wvw_2",10,4,40.07,40.66
7410,"P35439_2,Q00959_2",PDB-CPX-147921,"NMDA receptor complex, GluN1-GluN2A",heteromeric,"6mm9_1,6mma_1,6mmb_1,6mmg_1,6mmh_1,6mmi_1,6mmj_1,6mmk_1,6mml_1,6mmm_1,6mmn_1,6mmp_1,6mmr_1,6mms_1,6mmw_1,6mmx_1,9pzw_1",17,4,384.14,447.93
7447,"P36022_1,P39946_2",PDB-CPX-148115,"Dynein heavy chain, cytoplasmic and Nuclear distribution protein PAC1",heteromeric,"7mgm_1,8e00_1,9dj7_1,9djz_1,9dkm_1,9dld_1,9dle_1,9dmw_1,9dn7_1,9dnb_1",10,3,447.4,447.58
7487,"P37333_3,P37334_3",PDB-CPX-148365,Biphenyl dioxygenase,heteromeric,"2xr8_1,2xr8_2,2xr8_3,2xr8_4,2xrx_1,2xrx_2,2xrx_3,2xrx_4,2xsh_1,2xsh_2,2xso_1,2xso_2,2xso_3,2xso_4,2xso_5,2yfi_1,2yfi_2,2yfj_1,2yfj_2,2yfl_1,2yfl_2,5aeu_1,5aeu_2,5aew_1,5aew_2,5aew_3,5aew_4,5aew_5",28,6,221.87,222.4
7497,"P37595_2,P37595_2",PDB-CPX-148420,Isoaspartyl peptidase subunit alpha,heteromeric,"1jn9_1,1k2x_1,1t3m_1,2zal_1,7qsf_1,7qtc_1,7r5c_1,8bi3_1,8bkf_1,8bp9_1,8bqo_1,8c23_1,8c23_2",13,4,67.16,68.06
7550,"P38507_1,Q3HM39_1,Q3HM40_1",PDB-CPX-148657,,heteromeric,"7nha_1,7nhc_1,7nhx_1,7ni0_1,7nik_1,7nil_1,7nir_1,7nis_1,7nj3_1,7nj4_1,7nj5_1,7nj7_1,7nk1_1,7nk2_1",14,3,296.39,297.21
7623,"P40337_1,P51531_1,Q15369_1,Q15370_1",PDB-CPX-149079,,heteromeric,"6hax_1,6hax_2,6hay_1,6hay_2,7s4e_1,7s4e_2,7z6l_1,7z76_1,7z77_1,8g1p_1,8g1p_2,9hyb_1,9hyb_2,9hyb_3,9hyb_4,9hyn_1,9hyn_2,9hyo_1,9hyp_1,9mr9_1,9mr9_2,9mr9_3,9mr9_4,9mr9_5,9mr9_6,9mr9_7,9mr9_8",27,4,57.04,59.8
7665,"P41020_3,P41021_3,P41022_3",PDB-CPX-149255,,heteromeric,"1ie7_2,1s3t_1,1ubp_1,2ubp_2,3ubp_2,4ac7_1,4ceu_1,4cex_1,4ubp_2,5a6t_1,5fsd_1,5fse_1,5ol4_1,6h8j_1,6qdy_1,6rkg_1,6rp1_1,7b58_1,7b59_1,7b5a_1,7p7n_1,7p7o_1,7zcy_1,8a18_1,8q2e_1",25,9,264.6,269.92
7750,"P42866_1,P59768_1,P62873_1,P63096_1",PDB-CPX-149801,,heteromeric,"6dde_1,6ddf_1,7scg_1,7t2h_1,7u2k_1,7u2l_1,9bqj_1,9odj_1,9odk_1,9odl_1",10,4,144.66,154.24
7767,"P43220_1,P59768_1,P62873_1,P63092_1",PDB-CPX-149887,,heteromeric,"6orv_1,6x19_1,6x1a_1,6xox_1,7c2e_1,7e14_1,7lci_1,7rg9_1,7s3i_1,9ebn_1,9ebq_1",11,4,160.68,190.24
7932,"P49023_1,Q9BUL8_4",PDB-CPX-150783,Programmed cell death protein 10 and Paxillin,heteromeric,"3rqe_1,3rqe_2,3rqe_3,3rqf_1,3rqf_2,3rqf_3,3rqf_4,3rqg_1,3rqg_2,3rqg_3,3rqg_4",11,5,101.25,101.32
7953,"P49366_2,P49366_2",PDB-CPX-150871,Deoxyhypusine synthase,heteromeric,"6xxm_1,9id3_1,9id9_1,9ide_1,9idi_1,9idn_1,9idv_1,9iec_1,9ied_1,9iex_1",10,4,164.9,164.9
7971,"P49768_1,Q92542_1,Q96BI3_1,Q9NZ42_1",PDB-CPX-150974,"Gamma-secretase complex, APH1A-PSEN1 variant",heteromeric,"5a63_1,5fn2_1,5fn5_1,6lqg_1,6lr4_1,7c9i_1,7d8x_1,7y5t_1,8im7_1,8k8e_1,8kco_1,8kcp_1,8kcs_1,8kct_1,8kcu_1,9k95_1",16,4,178.97,185.64
8028,"P50613_1,P51946_1,P51948_1",PDB-CPX-151202,Cyclin-dependent protein kinase-activating kinase complex,heteromeric,"6xbz_1,6xd3_1,7b5o_1,7b5q_1,8orm_1,8p6v_1,8p6w_1,8p6x_1,8p6y_1,8p6z_1,8p70_1,8p71_1,8p72_1,8p73_1,8p74_1,8p75_1,8p76_1,8p77_1,8p78_1,8p79_1,8plz_1,8pyr_1,8pyr_2,8s0r_1,8s0t_1,9hix_1,9hiy_1,9hj0_1",28,3,87.84,120.11
8109,"P53192_2,Q12154_2",PDB-CPX-151718,Golgi to ER traffic protein 1 and ATPase GET3,heteromeric,"3b2e_1,3b2e_2,3sja_1,3sja_2,3sja_3,3sjb_1,3sjc_1,3sjc_2,3vlc_1,3zs8_1",10,4,98.09,103.95
8126,"P53610_1,P61225_1,Q04631_1",PDB-CPX-151779,,heteromeric,"1n4p_5,1n4p_6,1n4q_1,1n4q_2,1n4q_3,1n4q_4,1n4q_5,1n4q_6,1n4r_1,1n4r_2,1n4r_3,1n4r_4,1n4r_5,1n4r_6",14,3,88.57,88.76
8129,"P53634_1,P53634_1,P53634_1",PDB-CPX-151791,Dipeptidyl peptidase 1 exclusion domain chain,heteromeric,"4cdc_1,4cdc_2,4cdc_3,4cdc_4,4cdd_1,4cdd_2,4cde_1,4cde_2,4cdf_1,4cdf_2,6rn7_1,6rn9_1,6rne_1,6rni_1",14,3,40.79,41.57
8174,"P54619_1,P54646_1,Q9Y478_1",PDB-CPX-152023,"AMPK complex, alpha2-beta1-gamma1 variant",heteromeric,"4cfe_1,4cfe_2,4cff_1,4cff_2,4zhx_1,4zhx_2,5iso_1,5iso_2,6b1u_1,6b1u_2,7myj_1,7myj_2,8bik_1,8bik_2",14,3,134.37,136.72
8178,"P54645_1,P80385_1,P80386_1",PDB-CPX-152029,5'-AMP-activated protein kinase,heteromeric,"4eak_1,4eal_1,4qfg_1,4qfr_1,4qfs_1,5kq5_1,5t5t_1,6e4t_1,6e4u_1,6e4w_1",10,3,120.46,120.69
8202,"P55210_2,P55210_2",PDB-CPX-152208,Caspase-7 complex,heteromeric,"2ql5_1,2ql7_1,2ql9_1,2qlb_1,2qlf_1,2qlj_1,3ibc_1,3ibf_1,4zvo_1,4zvp_1,4zvq_1,4zvr_1,4zvs_1,4zvt_1,4zvu_1,5k20_1,6cl1_1,6cl2_1,6x8j_1,6x8l_1",20,4,71.61,73.14
8313,"P59768_1,P62873_1,P63096_1,Q8TDS4_1",PDB-CPX-152834,,heteromeric,"7xk2_1,8ij3_1,8ija_1,8ijb_1,8ijd_1,8j6i_1,8j6j_1,8j6l_1,8j6p_1,8j6q_1,8j6r_1,8jhy_1,8jii_1,8jil_1,8jim_1,8jz7_1,8utd_1,9iqt_1,9iza_1,9izc_1,9jky_1,9kt7_1,9kt8_1",23,4,150.7,170.88
8329,"P59997_1,P59997_1,P84228_1",PDB-CPX-152919,Histone H3.2 and Lysine-specific demethylase 2A,heteromeric,"4qwn_1,4qwn_2,4qx7_1,4qx7_2,4qx8_1,4qx8_2,4qxb_1,4qxb_2,4qxc_1,4qxc_2,4qxh_1,4qxh_2",12,3,48.49,48.51
8337,"P60059_1,P60468_1,P61619_1",PDB-CPX-152938,"SEC61 protein-conducting channel complex, SEC1A1 variant",heteromeric,"8dnv_1,8dnw_1,8dnx_1,8dny_1,8dnz_1,8do0_1,8do1_1,8do2_1,8do3_1,9d6l_1",10,3,70.7,71.14
8389,"P61201_1,Q13098_1,Q7L5N1_1,Q92905_1,Q99627_1,Q9BT78_1,Q9UBW8_1,Q9UNS2_1",PDB-CPX-153212,COP9 signalosome complex,heteromeric,"4d10_1,4d10_2,4d18_1,4d18_2,4wsn_1,4wsn_2,4wsn_3,4wsn_4,4wsn_5,4wsn_6",10,8,322.58,323.1
8425,"P61823_2,P61823_2",PDB-CPX-153356,Ribonuclease pancreatic,heteromeric,"1cjq_2,1fev_2,1j7z_2,1j80_2,1j81_2,1rbe_2,1rbg_2,1rbh_2,1z3l_2,1z3m_2",10,4,26.88,26.94
8562,"P66937_2,Q99XG5_2",PDB-CPX-154297,DNA gyrase,heteromeric,"5cdm_1,5cdn_1,5cdn_2,5cdo_1,5cdo_2,5cdp_1,5cdq_1,5cdq_2,5cdr_1,5iwi_1,5iwm_1,6fqm_2,6fqv_1,6fqv_2,6qtk_1,6qtp_1,8bp2_1",17,4,166.7,180.39
8568,"P67870_2,P68400_2",PDB-CPX-154349,"Casein kinase II complex, CSNK2A1 variant",heteromeric,"1jwh_1,4dgl_1,4md7_1,4md7_2,4md8_1,4md8_2,4md9_1,4md9_2,4md9_3,4md9_4,4nh1_1",11,4,131.44,140.77
8573,"P68106_4,Q92736_4",PDB-CPX-154403,Ryanodine 2 complex and Peptidyl-prolyl cis-trans isomerase FKBP1B,heteromeric,"7u9q_1,7u9r_1,7u9x_1,7u9z_1,7ua1_1,7ua5_1,7ua9_1,8uq2_1,8uq3_1,8uq4_1,8uxc_1,8uxe_1,8uxf_1,8uxg_1,8uxh_1,8uxi_1",16,8,2312.93,2314.09
8663,"P70343_1,P70343_1,Q9D8T2_1",PDB-CPX-154865,"Caspase-4 subunit p20 and Gasdermin-D, C-terminal",heteromeric,"6kmv_1,6kmv_10,6kmv_11,6kmv_12,6kmv_13,6kmv_14,6kmv_15,6kmv_16,6kmv_2,6kmv_3,6kmv_4,6kmv_5,6kmv_6,6kmv_7,6kmv_8,6kmv_9",16,3,50.39,52.19
8666,"P70673_4,Q09427_1",PDB-CPX-154892,ATP-sensitive inward rectifier potassium channel 11 and ATP-binding cassette sub-family C member 8,heteromeric,"7tys_1,7tyt_1,7u1e_1,7u1q_1,7u1s_1,7u24_1,7u2x_1,7u6y_1,7u7m_1,7uaa_1,7uqr_1",11,5,363.17,369.07
8688,"P72525_2,Q59961_2",PDB-CPX-155006,DNA topoisomerase 4,heteromeric,"3foe_1,3fof_1,3k9f_1,3ksa_1,3ltn_1,3rad_1,3rae_1,3raf_1,4koe_1,4kpe_1,4kpf_1",11,4,185.66,195.39
8793,"P80043_2,P80044_2",PDB-CPX-155513,Hemoglobin complex,heteromeric,"1hbh_1,1pbx_1,1s5x_1,1s5y_1,2h8d_1,2h8f_1,2peg_1,3gkv_1,3gqg_1,4g51_1,4iro_1,4odc_1",12,4,66.22,66.54
8808,"P80457_2,P80457_2,P80457_2",PDB-CPX-155588,Xanthine dehydrogenase/oxidase,heteromeric,"1fiq_1,3etr_1,3eub_1,3eub_2,3nrz_1,3ns1_1,3nvv_1,3nvw_1,3nvy_1,3nvz_1,3sr6_1",11,6,275.65,298.01
8885,"P84253_3,P84308_3",PDB-CPX-156086,Molybdenum storage protein,heteromeric,"2ogx_1,4f6t_1,4ndo_1,4ndp_1,4ndq_1,4ndr_1,5o5w_1,6gu5_2,6gwb_2,6gwv_1,6gwv_2,6gwv_3,6gx4_1,6h6w_1,6h73_1,6h74_1,6h8b_1,6h8h_1,7zqq_1,7zr4_1,7zse_1",21,6,185.89,192.69
8890,"P84887_2,P84888_2",PDB-CPX-156133,Aralkylamine dehydrogenase,heteromeric,"2agl_1,2agw_1,2agx_1,2agy_1,2agz_1,2ah0_1,2ah1_1,2h47_6,2hj4_1,2hjb_1,2hkm_1,2hkr_1,2hxc_1,2i0r_1,2i0s_1,2i0t_1,2iup_1,2iuq_1,2iur_1,2iuv_1,2oiz_1,2ojy_1,2ok4_1,2ok6_1,2q7q_1",25,4,109.38,115.06
8970,"P98161_1,Q13563_3",PDB-CPX-156576,PKD1-PKD2 Polycystin complex,heteromeric,"6a70_1,8z6b_1,8z6f_1,8z6h_1,8zkh_1,8zkr_1,8zks_1,8zkt_1,8zku_1,8zl8_1,9l0m_1,9l0w_1",12,4,480.74,482.0
8994,"P9WFX9_2,P9WFY1_2",PDB-CPX-156657,Tryptophan synthase,heteromeric,"5ocw_1,5ocw_2,5ocw_3,5ocw_4,5ocw_5,5ocw_6,5tcf_1,5tcf_2,5tcg_1,5tcg_2,5tch_1,5tch_2,5tci_1,5tci_2,5tcj_1,5tcj_2,6dwe_1,6dwe_2,6e9p_1,6e9p_2,6u6c_1,6u6c_2,6uap_1,6uap_2,6ub9_1,6ub9_2,6usa_1,6usa_2",28,4,146.43,154.21
9009,"P9WGI1_1,P9WGY5_1,P9WGY7_1,P9WGY9_1,P9WGZ1_2",PDB-CPX-156709,,heteromeric,"5uh5_1,5uh6_1,5uh8_1,5uh9_1,5uha_1,5uhb_1,5uhc_1,5uhd_1,5uhe_1,5uhf_1,5uhg_1,6fbv_1,7u22_1",13,6,435.29,436.22
9215,"Q00456_2,Q00457_2,Q00459_2,Q00460_2",PDB-CPX-166632,"Toluene-4-monooxygenase system,",heteromeric,"3dhh_1,3dhi_1,3dhi_2,3dhi_3,3ge3_1,3ge8_1,3i5j_1,3i63_1,3q14_1,3q2a_1,3q3m_1,3q3n_1,3q3o_1,3ri7_1,5tdt_1,5tdu_1,5tdv_1",17,8,235.94,238.65
9285,"Q02760_2,Q02761_2,Q02762_2",PDB-CPX-167007,,heteromeric,"2fyn_1,2fyn_2,2fyn_3,2qjk_1,2qjk_2,2qjk_3,2qjp_1,2qjp_2,2qjy_1,2qjy_2,2qjy_3,5kkz_1,5kkz_2,5kli_1,5kli_2,7tce_1,7tce_2",17,6,205.3,206.98
9371,"Q05586_2,Q12879_2",PDB-CPX-167492,"NMDA receptor complex, GluN1-GluN2A",heteromeric,"6ira_1,6irf_1,6irg_1,6irh_1,7eoq_1,7eor_1,7eos_1,7eot_1,7eou_1,7eu7_1,8jiz_1,8jj0_1,8jj1_1,8jj2_1,8vun_1,8vut_1",16,4,385.63,489.77
9457,"Q08636_3,Q08637_3",PDB-CPX-167965,V-type sodium ATPase,heteromeric,"3vr2_1,3vr3_1,5ze9_1,5zea_1,5zea_2,7coq_1,7dqc_1,7dqd_1,7dqd_2,7dqe_1,8igu_1,8igv_1,8igw_1,8igw_2",14,6,354.29,360.86
9646,"Q13564_1,Q15843_1,Q8TBC4_1",PDB-CPX-169066,"NEDD8 E1 activating enzyme complex, NAE1-UBA3 and Ubiquitin-like protein NEDD8",heteromeric,"1r4m_1,1r4m_2,1r4m_3,1r4m_4,1r4n_1,1r4n_2,1r4n_3,1r4n_4,3dbh_1,3dbh_2,3dbh_3,3dbh_4,3dbl_1,3dbl_2,3dbl_3,3dbl_4,3dbr_1,3dbr_2,3dbr_3,3dbr_4,3gzn_1,3gzn_2",22,3,118.44,122.13
9709,"Q14790_2,Q14790_2",PDB-CPX-169428,Caspase-8 complex,heteromeric,"1f9e_1,1f9e_2,1f9e_3,1qdu_1,1qdu_2,1qdu_3,1qtn_1,2c2z_1,3kjn_1,3kjq_1,6x8h_1",11,4,56.7,62.55
9751,"Q15596_2,Q9PTN2_2",PDB-CPX-169667,Vitamin D3 receptor A and Nuclear receptor coactivator 2,heteromeric,"3o1d_1,3o1e_1,4fhh_1,4fhi_1,4ia1_1,4ia2_1,4ia3_1,4ia7_1,4q0a_1,4ruo_1,5lga_1,8pwd_1,8pwe_1,8pwf_1,8pwm_1,8pz6_1,8pz7_1,8pz8_1,8pz9_1,8pzb_1,9ez1_1,9ez2_1,9fw8_1,9gy8_1,9gya_1,9gyj_1,9gyk_1",27,4,72.26,72.54
9765,"Q15788_2,Q92731_2",PDB-CPX-169732,Nuclear receptor coactivator 1 and Estrogen receptor beta,heteromeric,"1u3r_1,1u3s_1,1x76_1,1x78_1,1x7b_1,1x7j_1,1yy4_1,1yye_1,1zaf_1,2nv7_1,3oll_3,3ols_3,3omo_3,3omp_3,3omq_3,7xvy_1,7xvz_1,7xwp_1,7xwq_1,7xwr_1",20,4,58.77,63.45
9777,"Q16531_1,Q53SU9_1,Q96SW2_1",PDB-CPX-169809,,heteromeric,"7u8f_1,7u8f_2,9e2u_1,9e2u_2,9e2u_3,9e2u_4,9e2u_5,9e2u_6,9e2u_7,9e2u_8",10,3,170.43,170.46
10021,"Q2N0S5_3,Q2N0S6_3",PDB-CPX-171162,Envelope glycoprotein gp160 and Transmembrane protein gp41,heteromeric,"6ch7_1,6ch8_1,6chb_1,6dfh_1,8tkc_1,8tl2_1,8tl3_1,8tl4_1,8tl5_1,8tq1_1,8ttw_1,9q0w_1",12,6,377.38,559.82
10026,"Q2N0S6_3,Q2N0S7_3",PDB-CPX-171171,Envelope glycoprotein gp160 and Transmembrane protein gp41,heteromeric,"6cue_1,6mar_1,6mn7_1,6mpg_1,6mph_1,6n1w_1,7ll1_1,7ll2_1,8fr6_1,8g4m_1,8g4t_1,9pni_1,9pnn_1",13,6,386.9,534.63
10156,"Q3J170_1,Q3J1A5_1,Q3J1A6_1",PDB-CPX-171970,Reaction center protein,heteromeric,"2wx5_1,4in5_1,4in6_1,4n7l_1,5lri_1,7mh3_1,7mh4_1,7mh5_1,7mh8_1,7mh9_1,7mha_1,7od5_1,7p2c_1,8c3f_1,8c5x_1,8c6k_1,8c7c_1,8c87_1,8c88_1,8vtj_1,8vtk_1,8vtl_1,8vtm_1,8vtn_1,8vto_1",25,3,104.0,107.44
10498,"Q56218_1,Q56219_1,Q56220_1,Q56221_1,Q56222_1,Q56223_1,Q56224_1,Q5SKZ7_1",PDB-CPX-173772,NADH-quinone oxidoreductase,heteromeric,"2fug_1,2fug_2,2fug_3,2fug_4,3i9v_1,3i9v_2,3iam_1,3iam_2,3ias_1,3ias_2,3ias_3,3ias_4",12,8,284.59,285.28
10591,"Q59470_2,Q59471_2,Q59472_2",PDB-CPX-174259,,heteromeric,"1dio_1,1eex_1,1egm_1,1egv_1,1iwb_1,1iwb_2,1uc4_1,1uc5_1,3auj_1,5yrt_1,5yrt_2,5yrv_1,5yrv_2,5ysh_1,5ysh_2,7xrk_1,7xrl_1",17,6,210.5,211.1
10761,"Q5SHR6_2,Q5SKW1_1,Q8RQE7_1,Q8RQE8_1,Q8RQE9_1",PDB-CPX-175426,,heteromeric,"1zyr_1,1zyr_2,2a68_1,2a68_2,2a69_1,2a69_2,2a6e_1,2a6e_2,2a6h_1,2a6h_2,2cw0_1,2cw0_2,3dxj_1,3dxj_2,4mq9_1,5tmf_1,6l74_1",17,6,427.5,442.44
10853,"Q5V8X3_1,Q5V8Y6_1,Q5V8Z9_1",PDB-CPX-175968,,heteromeric,"4wrt_1,4wsa_1,5epi_1,5epi_2,5epi_3,5epi_4,5epi_5,5epi_6,5fmz_1,5fmz_2,5msg_1,6f5o_1,6qcs_1,6qct_1,6qcv_1,6qcw_1,6qcx_1,8rn1_1,8rn2_1,8rn6_1",20,3,266.81,280.93
10921,"Q61190_1,Q80XZ4_1,Q9JJY9_1",PDB-CPX-176459,,heteromeric,"6weo_1,6weo_10,6weo_11,6weo_12,6weo_2,6weo_3,6weo_4,6weo_5,6weo_6,6weo_7,6weo_8,6weo_9",12,3,65.21,65.74
10988,"Q695T7_2,Q9BYF1_2",PDB-CPX-177007,B(0)AT1-ACE2 heteromeric amino acid transporter complex,heteromeric,"6m18_1,6m1d_1,7v61_1,8i92_1,8i93_1,8wby_1,8wbz_1,9kxy_1,9kxz_1,9ky0_1,9ky1_1",11,4,337.54,489.79
11013,"Q6DQ33_3,Q6DQ33_3",PDB-CPX-177206,Hemagglutinin,heteromeric,"3gbm_1,3gbm_2,4fqi_1,4kdm_1,4kdn_1,4kdo_1,4n5y_1,4n5y_2,4n5y_3,4n5y_4,4n5y_5,8txt_1",12,6,179.44,322.68
11014,"Q6DQ34_3,Q6DQ34_3",PDB-CPX-177208,Hemagglutinin,heteromeric,"3znl_1,3znm_1,3zp0_1,3zp1_1,3zp2_1,3zp3_1,3zp6_1,3zpa_1,3zpb_1,4bgw_1,4bgx_1,4bgy_1,4cqp_1,4cqq_1,4cqr_1,4cqs_1,4cqu_1,4cqz_1,4cr0_1,5ajm_1",20,6,173.55,178.04
11052,"Q6IV62_1,Q6IV65_1,Q6IV66_1",PDB-CPX-177459,YHS domain-containing protein and Toluene o-xylene monooxygenase component,heteromeric,"3n1x_2,3n1y_2,3n1z_2,3n20_2,3rn9_2,3rna_2,3rnb_2,3rnc_2,3rne_2,3rnf_2,3rng_2",11,3,106.58,107.82
11053,"Q6IV62_2,Q6IV65_2,Q6IV66_2",PDB-CPX-177460,YHS domain-containing protein and Toluene o-xylene monooxygenase component,heteromeric,"3n1x_1,3n1y_1,3n1z_1,3n20_1,3rn9_1,3rna_1,3rnb_1,3rnc_1,3rne_1,3rnf_1,3rng_1",11,6,213.16,215.63
11094,"Q6NEF1_2,Q6NEF2_2",PDB-CPX-177713,ABC transporter domain-containing protein and ABC transport system integral membrane protein,heteromeric,"7w78_1,7w79_1,7w7a_1,7w7a_2,7w7a_3,7w7b_1,7w7b_2,7w7b_3,7w7c_1,7w7d_1,7w7d_2,7w7d_3",12,4,121.88,122.76
11294,"Q786F3_3,Q786F3_3",PDB-CPX-179031,Fusion glycoprotein F2,heteromeric,"5yxw_1,5yzc_1,5yzd_1,8ut2_1,8utf_1,8uup_1,8uuq_1,9coe_1,9cof_1,9cog_1",10,6,174.29,411.36
11419,"Q7SID2_2,Q7SID3_2",PDB-CPX-179770,Cobalt-containing nitrile hydratase,heteromeric,"1ire_1,1ugp_2,1ugq_2,1ugr_2,1ugs_2,3vyh_1,7sjz_1,7w8l_1,7w8m_1,8i6n_1,9d5u_1,9d5v_1,9d5y_1",13,4,99.0,101.35
11583,"Q84II6_3,Q8GI16_3",PDB-CPX-180927,Ferredoxin CarAc and Rieske domain-containing protein,heteromeric,"2de5_1,2de6_1,2de7_1,3vmg_1,3vmh_1,3vmi_1,4nb8_1,4nb9_1,4nba_1,4nbb_1,4nbc_1,4nbf_1,4nbg_1,4nbh_1,6llf_1,6llh_1",16,6,173.61,175.69
11767,"Q8EGW2_2,Q8EGW3_2",PDB-CPX-182393,Tetrapyrrole methylase domain-containing protein and Extradiol ring-cleavage dioxygenase LigAB LigA subunit domain-containing protein,heteromeric,"7ltc_1,7lte_1,7ltf_1,7lth_1,7ltr_1,7ltr_2,7lts_1,8t1s_1,8t1t_1,9cgw_1,9ch0_1,9ch0_2,9ch1_1,9ch3_2,9ch5_1,9ch7_1,9ch7_2,9chi_2,9chk_1",19,4,75.88,76.95
11819,"Q8I4W8_1,Q8IDR3_1,Q8IJM4_1",PDB-CPX-182701,,heteromeric,"6ycy_1,6ycz_1,6zn3_1,6zn3_2,6zn3_3,6zn3_4,6zn3_5,8a12_1,8cdm_1,8cdq_1",10,3,85.0,133.48
11907,"Q8L7C9_2,Q9SKE2_1",PDB-CPX-183329,Glutathione S-transferase U20 and Jasmonoyl--L-amino acid synthetase JAR1,heteromeric,"5ech_1,5ech_2,5eci_1,5eci_2,5eck_1,5eck_2,5ecl_1,5ecl_2,5ecm_1,5ecm_2,5ecn_1,5ecn_2,5eco_1,5eco_2,5ecp_1,5ecp_2,5ecq_1,5ecq_2,5ecr_1,5ecr_2",20,3,117.55,117.69
13317,"Q9UBC3_2,Q9UJW3_2",PDB-CPX-192150,DNA (cytosine-5)-methyltransferase 3-like and DNA (cytosine-5)-methyltransferase 3B,heteromeric,"6kda_1,6kdb_1,6kdl_1,6kdp_1,6kdt_1,6u8p_1,6u8v_1,6u8w_1,6u8x_1,6u90_1,6u91_1,7x9d_1,8xee_1",13,4,128.96,131.11
13350,"Q9UJW3_2,Q9Y6K1_2",PDB-CPX-192352,DNA (cytosine-5)-methyltransferase 3-like and DNA (cytosine-5)-methyltransferase 3A,heteromeric,"2qrv_1,2qrv_2,5yx2_1,6brr_1,6w89_1,6w89_2,6w8b_1,6w8b_2,6w8d_1,6w8j_1,9prw_1",11,4,130.03,233.41
13389,"Q9UXC0_3,Q9UXC2_3",PDB-CPX-192619,Exosome complex,heteromeric,"2br2_1,2br2_2,2br2_3,2br2_4,2c37_1,2c37_2,2c37_3,2c37_4,2c38_1,2c38_2,2c38_3,2c38_4,2c39_1,2c39_2,2c39_3,2c39_4",16,6,174.82,176.41
13424,"Q9WFX3_3,Q9WFX3_3",PDB-CPX-192869,Hemagglutinin HA1 chain,heteromeric,"1rd8_1,1ruz_1,2wrg_1,3gbn_1,3lzf_1,3lzf_2,4gxu_1,4gxu_2,4gxx_1,4jug_1,4jug_2,4juh_1,4juj_1,4py8_1,5vmc_1,5vmf_1",16,6,176.82,318.53
13455,"Q9WYT9_2,Q9WZV7_2",PDB-CPX-193064,Response regulatory domain-containing protein and histidine kinase,heteromeric,"3dge_1,4jas_1,4jav_1,5uht_1,6azr_1,6rfv_1,6rgz_1,6rh0_1,6rh1_1,6rh2_1,6rh7_1,6rh8_1",12,4,88.35,88.98
13540,"Q9Y230_3,Q9Y265_3",PDB-CPX-193604,"Nucleosome, Histone",heteromeric,"2xsz_1,5oaf_1,6k0r_1,6k0r_2,6qi8_1,6qi9_1,7aho_1,7p6x_1,9ema_1,9emc_1",10,6,306.91,318.56
13783,"P05165_1,P05166_1,P05166_1",PDB-CPX-203542,"Propionyl-CoA carboxylase alpha chain, mitochondrial and Propionyl-CoA carboxylase beta chain, mitochondrial",heteromeric,"8zux_1,8zuy_1,8zuz_1,8zv0_1,8zv1_1,8zv2_1,8zv3_1,8zv4_1,8zv5_1,8zv6_1,9uh1_1,9uh2_1,9uh5_1,9uh6_1,9uh8_1,9uhb_1,9uhr_1,9uhy_1",18,3,139.89,140.17
